{
  "timestamp": "20250604_125633",
  "optimized_rho": 0.019234583862766736,
  "optimized_mu_lambda": 0.010226413019820536,
  "n_trials": 10,
  "final_nse": 0.13121870648286282
}