{
  "pp": {
    "r": 50,
    "q": 5,
    "rho": 0.0016879830908674343,
    "mu_lambda": 0.29188208715599934
  },
  "pc": {
    "lambda_reg": 0.001,
    "alpha": 0.01555418931787224,
    "beta": 0.09254727886322667,
    "gamma": 0.9,
    "P": 1,
    "C": 1
  },
  "co": {
    "beta_co": 0.05930173269372646
  },
  "sgd": {
    "beta_sgd": 0.02636002659328491
  }
}