{
  "pp": {
    "r": 50,
    "q": 5,
    "rho": 0.0029533610487927817,
    "mu_lambda": 0.9789924082745187
  },
  "pc": {
    "lambda_reg": 0.0013259000460331483,
    "alpha": 0.0019663269549033803,
    "beta": 0.020209108457029498,
    "gamma": 0.9518304215417829,
    "P": 1,
    "C": 2
  },
  "co": {
    "beta_co": 0.023043121732503846
  },
  "sgd": {
    "beta_sgd": 0.00944538975735291
  }
}