{
  "pp": {
    "r": 50,
    "q": 5,
    "rho": 1.618299747065455e-05,
    "mu_lambda": 0.7223066582181071
  },
  "pc": {
    "lambda_reg": 0.0019458159115835596,
    "alpha": 0.08031045733692772,
    "beta": 0.0047633559843872,
    "gamma": 0.9243017414862027,
    "P": 0,
    "C": 5
  },
  "co": {
    "beta_co": 0.006206057316522138
  },
  "sgd": {
    "beta_sgd": 0.006463162959847106
  }
}